date,usd_krw,jpy_krw_100,google_search_index,youtube_search_index,kculture_mean,kdrama_mean,kfood_mean,kpop_mean,k_index,visitors,month_sin,month_cos,covid_period,usd_krw_lag1,usd_krw_lag2,usd_krw_lag3,usd_krw_lag12,jpy_krw_100_lag1,jpy_krw_100_lag2,jpy_krw_100_lag3,jpy_krw_100_lag12,google_search_index_lag1,google_search_index_lag2,google_search_index_lag3,google_search_index_lag12,youtube_search_index_lag1,youtube_search_index_lag2,youtube_search_index_lag3,youtube_search_index_lag12,k_index_lag1,k_index_lag2,k_index_lag3,k_index_lag12,visitors_lag1,visitors_lag2,visitors_lag3,visitors_lag12
2015-01-01,1090,921,1975.0,1865.0,26.75,39.75,16.75,13.0,24.0625,723255,0.49999999999999994,0.8660254037844387,0,,,,,,,,,,,,,,,,,,,,,,,,
2015-02-01,1099,924,2029.0,2056.0,21.75,36.5,17.0,13.4,22.1625,815138,0.8660254037844386,0.5000000000000001,0,1090.0,,,,921.0,,,,1975.0,,,,1865.0,,,,24.0625,,,,723255.0,,,
2015-03-01,1109,922,1945.0,1980.0,25.75,36.25,18.0,11.8,22.95,958493,1.0,6.123233995736766e-17,0,1099.0,1090.0,,,924.0,921.0,,,2029.0,1975.0,,,2056.0,1865.0,,,22.1625,24.0625,,,815138.0,723255.0,,
2015-04-01,1078,904,2079.0,2054.0,30.75,37.0,16.75,13.8,24.575,1112904,0.8660254037844387,-0.4999999999999998,0,1109.0,1099.0,1090.0,,922.0,924.0,921.0,,1945.0,2029.0,1975.0,,1980.0,2056.0,1865.0,,22.95,22.1625,24.0625,,958493.0,815138.0,723255.0,
2015-05-01,1100,900,2136.0,2112.0,22.75,38.0,18.75,13.4,23.225,1060730,0.49999999999999994,-0.8660254037844387,0,1078.0,1109.0,1099.0,,904.0,922.0,924.0,,2079.0,1945.0,2029.0,,2054.0,1980.0,2056.0,,24.575,22.95,22.1625,,1112904.0,958493.0,815138.0,
2015-06-01,1118,908,2076.0,2128.0,25.25,39.5,19.75,13.4,24.475,517926,1.2246467991473532e-16,-1.0,0,1100.0,1078.0,1109.0,,900.0,904.0,922.0,,2136.0,2079.0,1945.0,,2112.0,2054.0,1980.0,,23.225,24.575,22.95,,1060730.0,1112904.0,958493.0,
2015-07-01,1155,933,2259.0,1995.0,19.25,37.75,19.5,14.0,22.625,419430,-0.4999999999999997,-0.8660254037844388,0,1118.0,1100.0,1078.0,,908.0,900.0,904.0,,2076.0,2136.0,2079.0,,2128.0,2112.0,2054.0,,24.475,23.225,24.575,,517926.0,1060730.0,1112904.0,
2015-08-01,1178,964,2105.0,2073.0,21.75,34.75,21.75,13.1,22.8375,730808,-0.8660254037844385,-0.5000000000000004,0,1155.0,1118.0,1100.0,,933.0,908.0,900.0,,2259.0,2076.0,2136.0,,1995.0,2128.0,2112.0,,22.625,24.475,23.225,,419430.0,517926.0,1060730.0,
2015-09-01,1190,991,2204.0,2315.0,25.5,33.25,28.5,14.1,25.3375,907874,-1.0,-1.8369701987210297e-16,0,1178.0,1155.0,1118.0,,964.0,933.0,908.0,,2105.0,2259.0,2076.0,,2073.0,1995.0,2128.0,,22.8375,22.625,24.475,,730808.0,419430.0,517926.0,
2015-10-01,1145,950,2225.0,2453.0,28.5,35.0,31.25,13.3,27.0125,1076153,-0.8660254037844386,0.5000000000000001,0,1190.0,1178.0,1155.0,,991.0,964.0,933.0,,2204.0,2105.0,2259.0,,2315.0,2073.0,1995.0,,25.3375,22.8375,22.625,,907874.0,730808.0,419430.0,
2015-11-01,1151,939,2130.0,2130.0,36.25,33.0,25.25,13.7,27.05,911647,-0.5000000000000004,0.8660254037844384,0,1145.0,1190.0,1178.0,,950.0,991.0,964.0,,2225.0,2204.0,2105.0,,2453.0,2315.0,2073.0,,27.0125,25.3375,22.8375,,1076153.0,907874.0,730808.0,
2015-12-01,1172,967,2186.0,2150.0,26.25,35.75,25.25,14.9,25.5375,901131,-2.4492935982947064e-16,1.0,0,1151.0,1145.0,1190.0,,939.0,950.0,991.0,,2130.0,2225.0,2204.0,,2130.0,2453.0,2315.0,,27.05,27.0125,25.3375,,911647.0,1076153.0,907874.0,
2016-01-01,1205,1017,2168.0,2239.0,24.5,34.5,23.0,15.7,24.425,865064,0.49999999999999994,0.8660254037844387,0,1172.0,1151.0,1145.0,1090.0,967.0,939.0,950.0,921.0,2186.0,2130.0,2225.0,1975.0,2150.0,2130.0,2453.0,1865.0,25.5375,27.05,27.0125,24.0625,901131.0,911647.0,1076153.0,723255.0
2016-02-01,1226,1073,2141.0,2130.0,27.25,33.25,18.0,13.9,23.1,849995,0.8660254037844386,0.5000000000000001,0,1205.0,1172.0,1151.0,1099.0,1017.0,967.0,939.0,924.0,2168.0,2186.0,2130.0,2029.0,2239.0,2150.0,2130.0,2056.0,24.425,25.5375,27.05,22.1625,865064.0,901131.0,911647.0,815138.0
2016-03-01,1171,1039,2161.0,2383.0,26.25,35.75,21.25,14.5,24.4375,1123465,1.0,6.123233995736766e-17,0,1226.0,1205.0,1172.0,1109.0,1073.0,1017.0,967.0,922.0,2141.0,2168.0,2186.0,1945.0,2130.0,2239.0,2150.0,1980.0,23.1,24.425,25.5375,22.95,849995.0,865064.0,901131.0,958493.0
2016-04-01,1146,1051,2327.0,2357.0,25.25,35.25,24.5,14.3,24.825,1214201,0.8660254037844387,-0.4999999999999998,0,1171.0,1226.0,1205.0,1078.0,1039.0,1073.0,1017.0,904.0,2161.0,2141.0,2168.0,2079.0,2383.0,2130.0,2239.0,2054.0,24.4375,23.1,24.425,24.575,1123465.0,849995.0,865064.0,1112904.0
2016-05-01,1181,1074,2362.0,2330.0,26.25,35.0,21.5,15.6,24.5875,1202692,0.49999999999999994,-0.8660254037844387,0,1146.0,1171.0,1226.0,1100.0,1051.0,1039.0,1073.0,900.0,2327.0,2161.0,2141.0,2136.0,2357.0,2383.0,2130.0,2112.0,24.825,24.4375,23.1,23.225,1214201.0,1123465.0,849995.0,1060730.0
2016-06-01,1168,1120,2319.0,2313.0,21.0,38.0,23.0,15.2,24.3,1277116,1.2246467991473532e-16,-1.0,0,1181.0,1146.0,1171.0,1118.0,1074.0,1051.0,1039.0,908.0,2362.0,2327.0,2161.0,2076.0,2330.0,2357.0,2383.0,2128.0,24.5875,24.825,24.4375,24.475,1202692.0,1214201.0,1123465.0,517926.0
2016-07-01,1135,1086,2376.0,2267.0,23.25,42.75,25.75,13.3,26.2625,1405496,-0.4999999999999997,-0.8660254037844388,0,1168.0,1181.0,1146.0,1155.0,1120.0,1074.0,1051.0,933.0,2319.0,2362.0,2327.0,2259.0,2313.0,2330.0,2357.0,1995.0,24.3,24.5875,24.825,22.625,1277116.0,1202692.0,1214201.0,419430.0
2016-08-01,1115,1092,2241.0,2259.0,20.0,42.5,22.75,16.3,25.3875,1312514,-0.8660254037844385,-0.5000000000000004,0,1135.0,1168.0,1181.0,1178.0,1086.0,1120.0,1074.0,964.0,2376.0,2319.0,2362.0,2105.0,2267.0,2313.0,2330.0,2073.0,26.2625,24.3,24.5875,22.8375,1405496.0,1277116.0,1202692.0,730808.0
2016-09-01,1102,1086,2322.0,2451.0,28.75,39.0,26.25,14.6,27.15,1199450,-1.0,-1.8369701987210297e-16,0,1115.0,1135.0,1168.0,1190.0,1092.0,1086.0,1120.0,991.0,2241.0,2376.0,2319.0,2204.0,2259.0,2267.0,2313.0,2315.0,25.3875,26.2625,24.3,25.3375,1312514.0,1405496.0,1277116.0,907874.0
2016-10-01,1135,1089,2376.0,2759.0,38.5,33.5,28.0,18.9,29.725,1303692,-0.8660254037844386,0.5000000000000001,0,1102.0,1115.0,1135.0,1145.0,1086.0,1092.0,1086.0,950.0,2322.0,2241.0,2376.0,2225.0,2451.0,2259.0,2267.0,2453.0,27.15,25.3875,26.2625,27.0125,1199450.0,1312514.0,1405496.0,1076153.0
2016-11-01,1165,1056,2294.0,2648.0,32.25,33.25,27.75,18.5,27.9375,1076471,-0.5000000000000004,0.8660254037844384,0,1135.0,1102.0,1115.0,1151.0,1089.0,1086.0,1092.0,939.0,2376.0,2322.0,2241.0,2130.0,2759.0,2451.0,2259.0,2130.0,29.725,27.15,25.3875,27.05,1303692.0,1199450.0,1312514.0,911647.0
2016-12-01,1195,1028,2395.0,2595.0,23.25,40.25,26.5,18.2,27.05,1102769,-2.4492935982947064e-16,1.0,0,1165.0,1135.0,1102.0,1172.0,1056.0,1089.0,1086.0,967.0,2294.0,2376.0,2322.0,2186.0,2648.0,2759.0,2451.0,2150.0,27.9375,29.725,27.15,25.5375,1076471.0,1303692.0,1199450.0,901131.0
2017-01-01,1171,1024,2441.0,2491.0,26.75,37.5,27.75,17.8,27.45,978223,0.49999999999999994,0.8660254037844387,0,1195.0,1165.0,1135.0,1205.0,1028.0,1056.0,1089.0,1017.0,2395.0,2294.0,2376.0,2168.0,2595.0,2648.0,2759.0,2239.0,27.05,27.9375,29.725,24.425,1102769.0,1076471.0,1303692.0,865064.0
2017-02-01,1139,1008,2429.0,2547.0,25.25,33.25,26.0,19.8,26.075,952948,0.8660254037844386,0.5000000000000001,0,1171.0,1195.0,1165.0,1226.0,1024.0,1028.0,1056.0,1073.0,2441.0,2395.0,2294.0,2141.0,2491.0,2595.0,2648.0,2130.0,27.45,27.05,27.9375,23.1,978223.0,1102769.0,1076471.0,849995.0
2017-03-01,1125,1001,2416.0,2528.0,23.75,34.75,25.25,19.4,25.7875,970389,1.0,6.123233995736766e-17,0,1139.0,1171.0,1195.0,1171.0,1008.0,1024.0,1028.0,1039.0,2429.0,2441.0,2395.0,2161.0,2547.0,2491.0,2595.0,2383.0,26.075,27.45,27.05,24.4375,952948.0,978223.0,1102769.0,1123465.0
2017-04-01,1131,1022,2507.0,2565.0,27.25,35.0,28.5,19.3,27.5125,854669,0.8660254037844387,-0.4999999999999998,0,1125.0,1139.0,1171.0,1146.0,1001.0,1008.0,1024.0,1051.0,2416.0,2429.0,2441.0,2327.0,2528.0,2547.0,2491.0,2357.0,25.7875,26.075,27.45,24.825,970389.0,952948.0,978223.0,1214201.0
2017-05-01,1125,1009,2523.0,2648.0,24.0,36.25,26.25,19.9,26.6,738590,0.49999999999999994,-0.8660254037844387,0,1131.0,1125.0,1139.0,1181.0,1022.0,1001.0,1008.0,1074.0,2507.0,2416.0,2429.0,2362.0,2565.0,2528.0,2547.0,2330.0,27.5125,25.7875,26.075,24.5875,854669.0,970389.0,952948.0,1202692.0
2017-06-01,1135,1018,2465.0,2510.0,21.5,34.0,27.75,20.9,26.0375,775181,1.2246467991473532e-16,-1.0,0,1125.0,1131.0,1125.0,1168.0,1009.0,1022.0,1001.0,1120.0,2523.0,2507.0,2416.0,2319.0,2648.0,2565.0,2528.0,2313.0,26.6,27.5125,25.7875,24.3,738590.0,854669.0,970389.0,1277116.0
2017-07-01,1127,1010,2588.0,2550.0,27.0,33.75,27.0,22.3,27.5125,782389,-0.4999999999999997,-0.8660254037844388,0,1135.0,1125.0,1131.0,1135.0,1018.0,1009.0,1022.0,1086.0,2465.0,2523.0,2507.0,2376.0,2510.0,2648.0,2565.0,2267.0,26.0375,26.6,27.5125,26.2625,775181.0,738590.0,854669.0,1405496.0
2017-08-01,1127,1024,2466.0,2149.0,23.25,31.25,27.75,16.6,24.7125,817226,-0.8660254037844385,-0.5000000000000004,0,1127.0,1135.0,1125.0,1115.0,1010.0,1018.0,1009.0,1092.0,2588.0,2465.0,2523.0,2241.0,2550.0,2510.0,2648.0,2259.0,27.5125,26.0375,26.6,25.3875,782389.0,775181.0,738590.0,1312514.0
2017-09-01,1139,1021,2358.0,2229.0,22.75,31.5,29.5,19.1,25.7125,839415,-1.0,-1.8369701987210297e-16,0,1127.0,1127.0,1135.0,1102.0,1024.0,1010.0,1018.0,1086.0,2466.0,2588.0,2465.0,2322.0,2149.0,2550.0,2510.0,2451.0,24.7125,27.5125,26.0375,27.15,817226.0,782389.0,775181.0,1199450.0
2017-10-01,1128,998,2492.0,2262.0,22.5,33.5,30.25,17.5,25.9375,899881,-0.8660254037844386,0.5000000000000001,0,1139.0,1127.0,1127.0,1135.0,1021.0,1024.0,1010.0,1089.0,2358.0,2466.0,2588.0,2376.0,2229.0,2149.0,2550.0,2759.0,25.7125,24.7125,27.5125,29.725,839415.0,817226.0,782389.0,1303692.0
2017-11-01,1094,973,2504.0,2215.0,26.5,33.0,31.25,18.8,27.3875,880745,-0.5000000000000004,0.8660254037844384,0,1128.0,1139.0,1127.0,1165.0,998.0,1021.0,1024.0,1056.0,2492.0,2358.0,2466.0,2294.0,2262.0,2229.0,2149.0,2648.0,25.9375,25.7125,24.7125,27.9375,899881.0,839415.0,817226.0,1076471.0
2017-12-01,1079,955,2682.0,2256.0,20.0,37.75,28.5,20.8,26.7625,925938,-2.4492935982947064e-16,1.0,0,1094.0,1128.0,1139.0,1195.0,973.0,998.0,1021.0,1028.0,2504.0,2492.0,2358.0,2395.0,2215.0,2262.0,2229.0,2595.0,27.3875,25.9375,25.7125,27.05,880745.0,899881.0,839415.0,1102769.0
2018-01-01,1069,973,2632.0,2400.0,25.75,36.25,29.0,21.3,28.075,742732,0.49999999999999994,0.8660254037844387,0,1079.0,1094.0,1128.0,1171.0,955.0,973.0,998.0,1024.0,2682.0,2504.0,2492.0,2441.0,2256.0,2215.0,2262.0,2491.0,26.7625,27.3875,25.9375,27.45,925938.0,880745.0,899881.0,978223.0
2018-02-01,1075,998,2716.0,2203.0,25.75,31.75,28.75,19.3,26.3875,790477,0.8660254037844386,0.5000000000000001,0,1069.0,1079.0,1094.0,1139.0,973.0,955.0,973.0,1008.0,2632.0,2682.0,2504.0,2429.0,2400.0,2256.0,2215.0,2547.0,28.075,26.7625,27.3875,26.075,742732.0,925938.0,880745.0,952948.0
2018-03-01,1069,1006,2598.0,2089.0,21.5,34.25,30.0,18.1,25.9625,1085542,1.0,6.123233995736766e-17,0,1075.0,1069.0,1079.0,1125.0,998.0,973.0,955.0,1001.0,2716.0,2632.0,2682.0,2416.0,2203.0,2400.0,2256.0,2528.0,26.3875,28.075,26.7625,25.7875,790477.0,742732.0,925938.0,970389.0
2018-04-01,1072,990,2494.0,2096.0,19.75,32.5,30.0,18.8,25.2625,1091353,0.8660254037844387,-0.4999999999999998,0,1069.0,1075.0,1069.0,1131.0,1006.0,998.0,973.0,1022.0,2598.0,2716.0,2632.0,2507.0,2089.0,2203.0,2400.0,2565.0,25.9625,26.3875,28.075,27.5125,1085542.0,790477.0,742732.0,854669.0
2018-05-01,1079,988,2638.0,2208.0,20.0,33.5,32.25,22.4,27.0375,991449,0.49999999999999994,-0.8660254037844387,0,1072.0,1069.0,1075.0,1125.0,990.0,1006.0,998.0,1009.0,2494.0,2598.0,2716.0,2523.0,2096.0,2089.0,2203.0,2648.0,25.2625,25.9625,26.3875,26.6,1091353.0,1085542.0,790477.0,738590.0
2018-06-01,1107,1004,2664.0,2148.0,17.25,33.5,35.25,26.6,28.15,1055855,1.2246467991473532e-16,-1.0,0,1079.0,1072.0,1069.0,1135.0,988.0,990.0,1006.0,1018.0,2638.0,2494.0,2598.0,2465.0,2208.0,2096.0,2089.0,2510.0,27.0375,25.2625,25.9625,26.0375,991449.0,1091353.0,1085542.0,775181.0
2018-07-01,1120,1007,2585.0,2198.0,20.5,32.25,31.5,22.5,26.6875,1030612,-0.4999999999999997,-0.8660254037844388,0,1107.0,1079.0,1072.0,1127.0,1004.0,988.0,990.0,1010.0,2664.0,2638.0,2494.0,2588.0,2148.0,2208.0,2096.0,2550.0,28.15,27.0375,25.2625,27.5125,1055855.0,991449.0,1091353.0,782389.0
2018-08-01,1115,1004,2768.0,2539.0,21.0,32.75,32.5,24.5,27.6875,1100711,-0.8660254037844385,-0.5000000000000004,0,1120.0,1107.0,1079.0,1127.0,1007.0,1004.0,988.0,1024.0,2585.0,2664.0,2638.0,2466.0,2198.0,2148.0,2208.0,2149.0,26.6875,28.15,27.0375,24.7125,1030612.0,1055855.0,991449.0,817226.0
2018-09-01,1117,992,2733.0,2534.0,21.75,30.75,32.0,22.9,26.85,1013326,-1.0,-1.8369701987210297e-16,0,1115.0,1120.0,1107.0,1139.0,1004.0,1007.0,1004.0,1021.0,2768.0,2585.0,2664.0,2358.0,2539.0,2198.0,2148.0,2229.0,27.6875,26.6875,28.15,25.7125,1100711.0,1030612.0,1055855.0,839415.0
2018-10-01,1136,1006,2493.0,2853.0,46.0,32.25,33.25,24.2,33.925,1269201,-0.8660254037844386,0.5000000000000001,0,1117.0,1115.0,1120.0,1128.0,992.0,1004.0,1007.0,998.0,2733.0,2768.0,2585.0,2492.0,2534.0,2539.0,2198.0,2262.0,26.85,27.6875,26.6875,25.9375,1013326.0,1100711.0,1030612.0,899881.0
2018-11-01,1125,992,2549.0,2849.0,27.75,31.75,32.0,26.7,29.55,1130709,-0.5000000000000004,0.8660254037844384,0,1136.0,1117.0,1115.0,1094.0,1006.0,992.0,1004.0,973.0,2493.0,2733.0,2768.0,2504.0,2853.0,2534.0,2539.0,2215.0,33.925,26.85,27.6875,27.3875,1269201.0,1013326.0,1100711.0,880745.0
2018-12-01,1120,1006,2669.0,2959.0,25.25,32.25,34.5,28.3,30.075,1112381,-2.4492935982947064e-16,1.0,0,1125.0,1136.0,1117.0,1079.0,992.0,1006.0,992.0,955.0,2549.0,2493.0,2733.0,2682.0,2849.0,2853.0,2534.0,2256.0,29.55,33.925,26.85,26.7625,1130709.0,1269201.0,1013326.0,925938.0
2019-01-01,1120,1028,2622.0,2963.0,24.5,31.75,32.75,26.4,28.85,884293,0.49999999999999994,0.8660254037844387,0,1120.0,1125.0,1136.0,1069.0,1006.0,992.0,1006.0,973.0,2669.0,2549.0,2493.0,2632.0,2959.0,2849.0,2853.0,2400.0,30.075,29.55,33.925,28.075,1112381.0,1130709.0,1269201.0,742732.0
2019-02-01,1120,1012,2596.0,2890.0,24.5,31.5,33.5,25.2,28.675,907928,0.8660254037844386,0.5000000000000001,0,1120.0,1120.0,1125.0,1075.0,1028.0,1006.0,992.0,998.0,2622.0,2669.0,2549.0,2716.0,2963.0,2959.0,2849.0,2203.0,28.85,30.075,29.55,26.3875,884293.0,1112381.0,1130709.0,790477.0
2019-03-01,1134,1023,2567.0,2831.0,22.0,32.25,37.0,22.9,28.5375,1251744,1.0,6.123233995736766e-17,0,1120.0,1120.0,1120.0,1069.0,1012.0,1028.0,1006.0,1006.0,2596.0,2622.0,2669.0,2598.0,2890.0,2963.0,2959.0,2089.0,28.675,28.85,30.075,25.9625,907928.0,884293.0,1112381.0,1085542.0
2019-04-01,1150,1029,2583.0,3079.0,22.25,31.5,36.5,38.7,32.2375,1382540,0.8660254037844387,-0.4999999999999998,0,1134.0,1120.0,1120.0,1072.0,1023.0,1012.0,1028.0,990.0,2567.0,2596.0,2622.0,2494.0,2831.0,2890.0,2963.0,2096.0,28.5375,28.675,28.85,25.2625,1251744.0,907928.0,884293.0,1091353.0
2019-05-01,1187,1081,2528.0,3091.0,20.5,31.0,43.75,30.7,31.4875,1233562,0.49999999999999994,-0.8660254037844387,0,1150.0,1134.0,1120.0,1079.0,1029.0,1023.0,1012.0,988.0,2583.0,2567.0,2596.0,2638.0,3079.0,2831.0,2890.0,2208.0,32.2375,28.5375,28.675,27.0375,1382540.0,1251744.0,907928.0,991449.0
2019-06-01,1166,1081,2625.0,3120.0,22.0,33.25,41.0,30.0,31.5625,1237840,1.2246467991473532e-16,-1.0,0,1187.0,1150.0,1134.0,1107.0,1081.0,1029.0,1023.0,1004.0,2528.0,2583.0,2567.0,2664.0,3091.0,3079.0,2831.0,2148.0,31.4875,32.2375,28.5375,28.15,1233562.0,1382540.0,1251744.0,1055855.0
2019-07-01,1179,1087,2665.0,3026.0,24.25,34.0,43.5,26.9,32.1625,1218767,-0.4999999999999997,-0.8660254037844388,0,1166.0,1187.0,1150.0,1120.0,1081.0,1081.0,1029.0,1007.0,2625.0,2528.0,2583.0,2585.0,3120.0,3091.0,3079.0,2198.0,31.5625,31.4875,32.2375,26.6875,1237840.0,1233562.0,1382540.0,1030612.0
2019-08-01,1212,1139,2649.0,2968.0,21.75,31.75,44.5,23.9,30.475,1251764,-0.8660254037844385,-0.5000000000000004,0,1179.0,1166.0,1187.0,1115.0,1087.0,1081.0,1081.0,1004.0,2665.0,2625.0,2528.0,2768.0,3026.0,3120.0,3091.0,2539.0,32.1625,31.5625,31.4875,27.6875,1218767.0,1237840.0,1233562.0,1100711.0
2019-09-01,1199,1115,2686.0,2999.0,24.5,30.0,44.0,19.9,29.6,1178421,-1.0,-1.8369701987210297e-16,0,1212.0,1179.0,1166.0,1117.0,1139.0,1087.0,1081.0,992.0,2649.0,2665.0,2625.0,2733.0,2968.0,3026.0,3120.0,2534.0,30.475,32.1625,31.5625,26.85,1251764.0,1218767.0,1237840.0,1013326.0
2019-10-01,1176,1084,2489.0,2856.0,24.75,32.0,43.75,20.5,30.25,1403576,-0.8660254037844386,0.5000000000000001,0,1199.0,1212.0,1179.0,1136.0,1115.0,1139.0,1087.0,1006.0,2686.0,2649.0,2665.0,2493.0,2999.0,2968.0,3026.0,2853.0,29.6,30.475,32.1625,33.925,1178421.0,1251764.0,1218767.0,1269201.0
2019-11-01,1173,1075,2518.0,2965.0,23.5,30.75,47.0,20.1,30.3375,1234503,-0.5000000000000004,0.8660254037844384,0,1176.0,1199.0,1212.0,1125.0,1084.0,1115.0,1139.0,992.0,2489.0,2686.0,2649.0,2549.0,2856.0,2999.0,2968.0,2849.0,30.25,29.6,30.475,29.55,1403576.0,1178421.0,1251764.0,1130709.0
2019-12-01,1167,1070,2584.0,2946.0,22.25,33.25,44.75,21.6,30.4625,1247337,-2.4492935982947064e-16,1.0,0,1173.0,1176.0,1199.0,1120.0,1075.0,1084.0,1115.0,1006.0,2518.0,2489.0,2686.0,2669.0,2965.0,2856.0,2999.0,2959.0,30.3375,30.25,29.6,30.075,1234503.0,1403576.0,1178421.0,1112381.0
2020-01-01,1174,1076,2603.0,2893.0,22.75,31.75,45.0,21.6,30.275,1030497,0.49999999999999994,0.8660254037844387,0,1167.0,1173.0,1176.0,1120.0,1070.0,1075.0,1084.0,1028.0,2584.0,2518.0,2489.0,2622.0,2946.0,2965.0,2856.0,2963.0,30.4625,30.3375,30.25,28.85,1247337.0,1234503.0,1403576.0,884293.0
2020-02-01,1205,1097,2476.0,2790.0,25.0,33.25,44.5,22.6,31.3375,503976,0.8660254037844386,0.5000000000000001,0,1174.0,1167.0,1173.0,1120.0,1076.0,1070.0,1075.0,1012.0,2603.0,2584.0,2518.0,2596.0,2893.0,2946.0,2965.0,2890.0,30.275,30.4625,30.3375,28.675,1030497.0,1247337.0,1234503.0,907928.0
2020-03-01,1221,1133,2627.0,3095.0,22.0,40.0,42.75,21.3,31.5125,31497,1.0,6.123233995736766e-17,1,1205.0,1174.0,1167.0,1134.0,1097.0,1076.0,1070.0,1023.0,2476.0,2603.0,2584.0,2567.0,2790.0,2893.0,2946.0,2831.0,31.3375,30.275,30.4625,28.5375,503976.0,1030497.0,1247337.0,1251744.0
2020-04-01,1225,1141,3181.0,3765.0,25.5,50.75,49.0,22.9,37.0375,5135,0.8660254037844387,-0.4999999999999998,1,1221.0,1205.0,1174.0,1150.0,1133.0,1097.0,1076.0,1029.0,2627.0,2476.0,2603.0,2583.0,3095.0,2790.0,2893.0,3079.0,31.5125,31.3375,30.275,32.2375,31497.0,503976.0,1030497.0,1382540.0
2020-05-01,1234,1148,3322.0,3559.0,23.5,45.5,47.0,23.8,34.95,6111,0.49999999999999994,-0.8660254037844387,1,1225.0,1221.0,1205.0,1187.0,1141.0,1133.0,1097.0,1081.0,3181.0,2627.0,2476.0,2528.0,3765.0,3095.0,2790.0,3091.0,37.0375,31.5125,31.3375,31.4875,5135.0,31497.0,503976.0,1233562.0
2020-06-01,1205,1120,3327.0,3558.0,23.75,40.25,46.75,33.2,35.9875,9744,1.2246467991473532e-16,-1.0,1,1234.0,1225.0,1221.0,1166.0,1148.0,1141.0,1133.0,1081.0,3322.0,3181.0,2627.0,2625.0,3559.0,3765.0,3095.0,3120.0,34.95,37.0375,31.5125,31.5625,6111.0,5135.0,31497.0,1237840.0
2020-07-01,1195,1130,3275.0,3550.0,25.5,40.5,51.0,32.7,37.425,12732,-0.4999999999999997,-0.8660254037844388,1,1205.0,1234.0,1225.0,1179.0,1120.0,1148.0,1141.0,1087.0,3327.0,3322.0,3181.0,2665.0,3558.0,3559.0,3765.0,3026.0,35.9875,34.95,37.0375,32.1625,9744.0,6111.0,5135.0,1218767.0
2020-08-01,1186,1121,3276.0,3398.0,23.5,37.5,51.25,36.4,37.1625,8634,-0.8660254037844385,-0.5000000000000004,1,1195.0,1205.0,1234.0,1212.0,1130.0,1120.0,1148.0,1139.0,3275.0,3327.0,3322.0,2649.0,3550.0,3558.0,3559.0,2968.0,37.425,35.9875,34.95,30.475,12732.0,9744.0,6111.0,1251764.0
2020-09-01,1176,1114,3318.0,3344.0,27.0,37.0,50.25,35.7,37.4875,10619,-1.0,-1.8369701987210297e-16,1,1186.0,1195.0,1205.0,1199.0,1121.0,1130.0,1120.0,1115.0,3276.0,3275.0,3327.0,2686.0,3398.0,3550.0,3558.0,2999.0,37.1625,37.425,35.9875,29.6,8634.0,12732.0,9744.0,1178421.0
2020-10-01,1139,1086,3270.0,3451.0,38.25,39.25,47.25,41.1,41.4625,11119,-0.8660254037844386,0.5000000000000001,1,1176.0,1186.0,1195.0,1176.0,1114.0,1121.0,1130.0,1084.0,3318.0,3276.0,3275.0,2489.0,3344.0,3398.0,3550.0,2856.0,37.4875,37.1625,37.425,30.25,10619.0,8634.0,12732.0,1403576.0
2020-11-01,1111,1065,3162.0,3607.0,46.0,39.25,46.75,33.3,41.325,11514,-0.5000000000000004,0.8660254037844384,1,1139.0,1176.0,1186.0,1173.0,1086.0,1114.0,1121.0,1075.0,3270.0,3318.0,3276.0,2518.0,3451.0,3344.0,3398.0,2965.0,41.4625,37.4875,37.1625,30.3375,11119.0,10619.0,8634.0,1234503.0
2020-12-01,1092,1055,3413.0,3397.0,31.75,41.5,50.75,31.4,38.85,11893,-2.4492935982947064e-16,1.0,1,1111.0,1139.0,1176.0,1167.0,1065.0,1086.0,1114.0,1070.0,3162.0,3270.0,3318.0,2584.0,3607.0,3451.0,3344.0,2946.0,41.325,41.4625,37.4875,30.4625,11514.0,11119.0,10619.0,1247337.0
2021-01-01,1106,1064,3468.0,3581.0,30.0,41.25,50.75,29.5,37.875,9035,0.49999999999999994,0.8660254037844387,1,1092.0,1111.0,1139.0,1174.0,1055.0,1065.0,1086.0,1076.0,3413.0,3162.0,3270.0,2603.0,3397.0,3607.0,3451.0,2893.0,38.85,41.325,41.4625,30.275,11893.0,11514.0,11119.0,1030497.0
2021-02-01,1110,1049,3408.0,3571.0,32.0,40.5,49.75,28.6,37.7125,8500,0.8660254037844386,0.5000000000000001,1,1106.0,1092.0,1111.0,1205.0,1064.0,1055.0,1065.0,1097.0,3468.0,3413.0,3162.0,2476.0,3581.0,3397.0,3607.0,2790.0,37.875,38.85,41.325,31.3375,9035.0,11893.0,11514.0,503976.0
2021-03-01,1132,1034,3255.0,3273.0,27.5,39.5,51.25,28.8,36.7625,11169,1.0,6.123233995736766e-17,1,1110.0,1106.0,1092.0,1221.0,1049.0,1064.0,1055.0,1133.0,3408.0,3468.0,3413.0,2627.0,3571.0,3581.0,3397.0,3095.0,37.7125,37.875,38.85,31.5125,8500.0,9035.0,11893.0,31497.0
2021-04-01,1113,1021,3293.0,3442.0,29.0,42.25,60.25,27.9,39.85,11492,0.8660254037844387,-0.4999999999999998,1,1132.0,1110.0,1106.0,1225.0,1034.0,1049.0,1064.0,1141.0,3255.0,3408.0,3468.0,3181.0,3273.0,3571.0,3581.0,3765.0,36.7625,37.7125,37.875,37.0375,11169.0,8500.0,9035.0,5135.0
2021-05-01,1120,1022,3486.0,3674.0,26.25,47.0,55.75,31.6,40.15,15381,0.49999999999999994,-0.8660254037844387,1,1113.0,1132.0,1110.0,1234.0,1021.0,1034.0,1049.0,1148.0,3293.0,3255.0,3408.0,3322.0,3442.0,3273.0,3571.0,3559.0,39.85,36.7625,37.7125,34.95,11492.0,11169.0,8500.0,6111.0
2021-06-01,1126,1020,3487.0,3841.0,25.75,47.25,55.5,32.7,40.3,17847,1.2246467991473532e-16,-1.0,1,1120.0,1113.0,1132.0,1205.0,1022.0,1021.0,1034.0,1120.0,3486.0,3293.0,3255.0,3327.0,3674.0,3442.0,3273.0,3558.0,40.15,39.85,36.7625,35.9875,15381.0,11492.0,11169.0,9744.0
2021-07-01,1146,1043,3369.0,3662.0,22.75,48.25,58.75,32.2,40.4875,20297,-0.4999999999999997,-0.8660254037844388,1,1126.0,1120.0,1113.0,1195.0,1020.0,1022.0,1021.0,1130.0,3487.0,3486.0,3293.0,3275.0,3841.0,3674.0,3442.0,3550.0,40.3,40.15,39.85,37.425,17847.0,15381.0,11492.0,12732.0
2021-08-01,1162,1058,3308.0,3628.0,23.5,53.0,60.75,30.0,41.8125,18452,-0.8660254037844385,-0.5000000000000004,1,1146.0,1126.0,1120.0,1186.0,1043.0,1020.0,1022.0,1121.0,3369.0,3487.0,3486.0,3276.0,3662.0,3841.0,3674.0,3398.0,40.4875,40.3,40.15,37.1625,20297.0,17847.0,15381.0,8634.0
2021-09-01,1177,1060,3350.0,3801.0,29.25,49.75,60.0,30.7,42.425,19611,-1.0,-1.8369701987210297e-16,1,1162.0,1146.0,1126.0,1176.0,1058.0,1043.0,1020.0,1114.0,3308.0,3369.0,3487.0,3318.0,3628.0,3662.0,3841.0,3344.0,41.8125,40.4875,40.3,37.4875,18452.0,20297.0,17847.0,10619.0
2021-10-01,1177,1038,3583.0,3850.0,31.75,50.25,60.75,28.9,42.9125,25698,-0.8660254037844386,0.5000000000000001,1,1177.0,1162.0,1146.0,1139.0,1060.0,1058.0,1043.0,1086.0,3350.0,3308.0,3369.0,3270.0,3801.0,3628.0,3662.0,3451.0,42.425,41.8125,40.4875,41.4625,19611.0,18452.0,20297.0,11119.0
2021-11-01,1188,1043,3334.0,3681.0,45.25,46.75,59.75,26.9,44.6625,28734,-0.5000000000000004,0.8660254037844384,1,1177.0,1177.0,1162.0,1111.0,1038.0,1060.0,1058.0,1065.0,3583.0,3350.0,3308.0,3162.0,3850.0,3801.0,3628.0,3607.0,42.9125,42.425,41.8125,41.325,25698.0,19611.0,18452.0,11514.0
2021-12-01,1185,1035,3461.0,3530.0,26.75,49.5,60.0,27.2,40.8625,25630,-2.4492935982947064e-16,1.0,1,1188.0,1177.0,1177.0,1092.0,1043.0,1038.0,1060.0,1055.0,3334.0,3583.0,3350.0,3413.0,3681.0,3850.0,3801.0,3397.0,44.6625,42.9125,42.425,38.85,28734.0,25698.0,19611.0,11893.0
2022-01-01,1198,1041,3851.0,3665.0,30.0,51.0,60.75,25.2,41.7375,16961,0.49999999999999994,0.8660254037844387,1,1185.0,1188.0,1177.0,1106.0,1035.0,1043.0,1038.0,1064.0,3461.0,3334.0,3583.0,3468.0,3530.0,3681.0,3850.0,3581.0,40.8625,44.6625,42.9125,37.875,25630.0,28734.0,25698.0,9035.0
2022-02-01,1201,1041,3912.0,3595.0,32.75,50.75,60.25,24.6,42.0875,16512,0.8660254037844386,0.5000000000000001,1,1198.0,1185.0,1188.0,1110.0,1041.0,1035.0,1043.0,1049.0,3851.0,3461.0,3334.0,3408.0,3665.0,3530.0,3681.0,3571.0,41.7375,40.8625,44.6625,37.7125,16961.0,25630.0,28734.0,8500.0
2022-03-01,1216,1011,3699.0,3540.0,33.25,52.0,62.5,24.8,43.1375,22492,1.0,6.123233995736766e-17,1,1201.0,1198.0,1185.0,1132.0,1041.0,1041.0,1035.0,1034.0,3912.0,3851.0,3461.0,3255.0,3595.0,3665.0,3530.0,3273.0,42.0875,41.7375,40.8625,36.7625,16512.0,16961.0,25630.0,11169.0
2022-04-01,1251,974,4130.0,3559.0,31.75,51.5,69.75,25.8,44.7,57448,0.8660254037844387,-0.4999999999999998,1,1216.0,1201.0,1198.0,1113.0,1011.0,1041.0,1041.0,1021.0,3699.0,3912.0,3851.0,3293.0,3540.0,3595.0,3665.0,3442.0,43.1375,42.0875,41.7375,39.85,22492.0,16512.0,16961.0,11492.0
2022-05-01,1258,981,3969.0,3715.0,30.0,53.75,61.0,24.1,42.2125,89179,0.49999999999999994,-0.8660254037844387,1,1251.0,1216.0,1201.0,1120.0,974.0,1011.0,1041.0,1022.0,4130.0,3699.0,3912.0,3486.0,3559.0,3540.0,3595.0,3674.0,44.7,43.1375,42.0875,40.15,57448.0,22492.0,16512.0,15381.0
2022-06-01,1285,949,3851.0,3608.0,30.25,57.5,68.0,27.2,45.7375,133883,1.2246467991473532e-16,-1.0,1,1258.0,1251.0,1216.0,1126.0,981.0,974.0,1011.0,1020.0,3969.0,4130.0,3699.0,3487.0,3715.0,3559.0,3540.0,3841.0,42.2125,44.7,43.1375,40.3,89179.0,57448.0,22492.0,17847.0
2022-07-01,1306,963,4173.0,3888.0,27.5,58.75,69.5,25.3,45.2625,153171,-0.4999999999999997,-0.8660254037844388,0,1285.0,1258.0,1251.0,1146.0,949.0,981.0,974.0,1043.0,3851.0,3969.0,4130.0,3369.0,3608.0,3715.0,3559.0,3662.0,45.7375,42.2125,44.7,40.4875,133883.0,89179.0,57448.0,20297.0
2022-08-01,1333,973,3954.0,3649.0,25.5,56.75,65.75,27.9,43.975,159128,-0.8660254037844385,-0.5000000000000004,0,1306.0,1285.0,1258.0,1162.0,963.0,949.0,981.0,1058.0,4173.0,3851.0,3969.0,3308.0,3888.0,3608.0,3715.0,3628.0,45.2625,45.7375,42.2125,41.8125,153171.0,133883.0,89179.0,18452.0
2022-09-01,1413,983,4084.0,3553.0,30.0,55.75,67.0,38.1,47.7125,213310,-1.0,-1.8369701987210297e-16,0,1333.0,1306.0,1285.0,1177.0,973.0,963.0,949.0,1060.0,3954.0,4173.0,3851.0,3350.0,3649.0,3888.0,3608.0,3801.0,43.975,45.2625,45.7375,42.425,159128.0,153171.0,133883.0,19611.0
2022-10-01,1423,965,3850.0,3601.0,39.75,55.25,62.5,24.9,45.6,360862,-0.8660254037844386,0.5000000000000001,0,1413.0,1333.0,1306.0,1177.0,983.0,973.0,963.0,1038.0,4084.0,3954.0,4173.0,3583.0,3553.0,3649.0,3888.0,3850.0,47.7125,43.975,45.2625,42.9125,213310.0,159128.0,153171.0,25698.0
2022-11-01,1348,958,3708.0,3385.0,29.75,54.5,61.25,22.9,42.1,341686,-0.5000000000000004,0.8660254037844384,0,1423.0,1413.0,1333.0,1188.0,965.0,983.0,973.0,1043.0,3850.0,4084.0,3954.0,3334.0,3601.0,3553.0,3649.0,3681.0,45.6,47.7125,43.975,44.6625,360862.0,213310.0,159128.0,28734.0
2022-12-01,1282,956,3785.0,3445.0,27.75,56.25,64.75,20.8,42.3875,434305,-2.4492935982947064e-16,1.0,0,1348.0,1423.0,1413.0,1185.0,958.0,965.0,983.0,1035.0,3708.0,3850.0,4084.0,3461.0,3385.0,3601.0,3553.0,3530.0,42.1,45.6,47.7125,40.8625,341686.0,360862.0,213310.0,25630.0
2023-01-01,1238,949,4311.0,3655.0,34.5,60.75,63.25,20.3,44.7,312847,0.49999999999999994,0.8660254037844387,0,1282.0,1348.0,1423.0,1198.0,956.0,958.0,965.0,1041.0,3785.0,3708.0,3850.0,3851.0,3445.0,3385.0,3601.0,3665.0,42.3875,42.1,45.6,41.7375,434305.0,341686.0,360862.0,16961.0
2023-02-01,1294,962,4013.0,3345.0,33.0,55.5,59.0,26.5,43.5,319098,0.8660254037844386,0.5000000000000001,0,1238.0,1282.0,1348.0,1201.0,949.0,956.0,958.0,1041.0,4311.0,3785.0,3708.0,3912.0,3655.0,3445.0,3385.0,3595.0,44.7,42.3875,42.1,42.0875,312847.0,434305.0,341686.0,16512.0
2023-03-01,1305,979,4012.0,3424.0,32.25,56.75,67.25,26.2,45.6125,627681,1.0,6.123233995736766e-17,0,1294.0,1238.0,1282.0,1216.0,962.0,949.0,956.0,1011.0,4013.0,4311.0,3785.0,3699.0,3345.0,3655.0,3445.0,3540.0,43.5,44.7,42.3875,43.1375,319098.0,312847.0,434305.0,22492.0
2023-04-01,1330,996,4114.0,3442.0,31.25,60.5,66.0,23.6,45.3375,736870,0.8660254037844387,-0.4999999999999998,0,1305.0,1294.0,1238.0,1251.0,979.0,962.0,949.0,974.0,4012.0,4013.0,4311.0,4130.0,3424.0,3345.0,3655.0,3559.0,45.6125,43.5,44.7,44.7,627681.0,319098.0,312847.0,57448.0
2023-05-01,1325,958,4086.0,3687.0,32.0,59.25,61.5,21.8,43.6375,691789,0.49999999999999994,-0.8660254037844387,0,1330.0,1305.0,1294.0,1258.0,996.0,979.0,962.0,981.0,4114.0,4012.0,4013.0,3969.0,3442.0,3424.0,3345.0,3715.0,45.3375,45.6125,43.5,42.2125,736870.0,627681.0,319098.0,89179.0
2023-06-01,1305,913,4080.0,3506.0,27.5,62.25,62.75,22.1,43.65,789269,1.2246467991473532e-16,-1.0,0,1325.0,1330.0,1305.0,1285.0,958.0,996.0,979.0,949.0,4086.0,4114.0,4012.0,3851.0,3687.0,3442.0,3424.0,3608.0,43.6375,45.3375,45.6125,45.7375,691789.0,736870.0,627681.0,133883.0
2023-07-01,1283,910,4230.0,3655.0,24.75,62.75,66.25,20.3,43.5125,853340,-0.4999999999999997,-0.8660254037844388,0,1305.0,1325.0,1330.0,1306.0,913.0,958.0,996.0,963.0,4080.0,4086.0,4114.0,4173.0,3506.0,3687.0,3442.0,3888.0,43.65,43.6375,45.3375,45.2625,789269.0,691789.0,736870.0,153171.0
2023-08-01,1320,908,3978.0,3364.0,26.5,59.25,60.25,18.9,41.225,839458,-0.8660254037844385,-0.5000000000000004,0,1283.0,1305.0,1325.0,1333.0,910.0,913.0,958.0,973.0,4230.0,4080.0,4086.0,3954.0,3655.0,3506.0,3687.0,3649.0,43.5125,43.65,43.6375,43.975,853340.0,789269.0,691789.0,159128.0
2023-09-01,1337,902,3948.0,3283.0,28.5,56.5,62.5,16.1,40.9,901891,-1.0,-1.8369701987210297e-16,0,1320.0,1283.0,1305.0,1413.0,908.0,910.0,913.0,983.0,3978.0,4230.0,4080.0,4084.0,3364.0,3655.0,3506.0,3553.0,41.225,43.5125,43.65,47.7125,839458.0,853340.0,789269.0,213310.0
2023-10-01,1352,905,3690.0,3234.0,27.0,55.25,56.5,14.8,38.3875,1009849,-0.8660254037844386,0.5000000000000001,0,1337.0,1320.0,1283.0,1423.0,902.0,908.0,910.0,965.0,3948.0,3978.0,4230.0,3850.0,3283.0,3364.0,3655.0,3601.0,40.9,41.225,43.5125,45.6,901891.0,839458.0,853340.0,360862.0
2023-11-01,1300,876,3769.0,3263.0,27.25,56.25,57.5,14.4,38.85,933033,-0.5000000000000004,0.8660254037844384,0,1352.0,1337.0,1320.0,1348.0,905.0,902.0,908.0,958.0,3690.0,3948.0,3978.0,3708.0,3234.0,3283.0,3364.0,3385.0,38.3875,40.9,41.225,42.1,1009849.0,901891.0,839458.0,341686.0
2023-12-01,1297,909,3896.0,3459.0,29.75,64.75,59.25,15.2,42.2375,865774,-2.4492935982947064e-16,1.0,0,1300.0,1352.0,1337.0,1282.0,876.0,905.0,902.0,956.0,3769.0,3690.0,3948.0,3785.0,3263.0,3234.0,3283.0,3445.0,38.85,38.3875,40.9,42.3875,933033.0,1009849.0,901891.0,434305.0
2024-01-01,1327,904,4126.0,3373.0,31.75,58.75,59.0,13.9,40.85,696840,0.49999999999999994,0.8660254037844387,0,1297.0,1300.0,1352.0,1238.0,909.0,876.0,905.0,949.0,3896.0,3769.0,3690.0,4311.0,3459.0,3263.0,3234.0,3655.0,42.2375,38.85,38.3875,44.7,865774.0,933033.0,1009849.0,312847.0
2024-02-01,1333,888,4028.0,3381.0,28.25,57.75,58.0,12.6,39.15,773941,0.8660254037844386,0.5000000000000001,0,1327.0,1297.0,1300.0,1294.0,904.0,909.0,876.0,962.0,4126.0,3896.0,3769.0,4013.0,3373.0,3459.0,3263.0,3345.0,40.85,42.2375,38.85,43.5,696840.0,865774.0,933033.0,319098.0
2024-03-01,1339,889,3887.0,3285.0,27.0,58.0,63.0,12.8,40.2,1223899,1.0,6.123233995736766e-17,0,1333.0,1327.0,1297.0,1305.0,888.0,904.0,909.0,979.0,4028.0,4126.0,3896.0,4012.0,3381.0,3373.0,3459.0,3424.0,39.15,40.85,42.2375,45.6125,773941.0,696840.0,865774.0,627681.0
2024-04-01,1373,886,3942.0,3187.0,26.5,61.75,63.25,13.1,41.15,1233368,0.8660254037844387,-0.4999999999999998,0,1339.0,1333.0,1327.0,1330.0,889.0,888.0,904.0,996.0,3887.0,4028.0,4126.0,4114.0,3285.0,3381.0,3373.0,3442.0,40.2,39.15,40.85,45.3375,1223899.0,773941.0,696840.0,736870.0
2024-05-01,1371,877,3809.0,3424.0,25.75,62.25,64.25,13.0,41.3125,1175823,0.49999999999999994,-0.8660254037844387,0,1373.0,1339.0,1333.0,1325.0,886.0,889.0,888.0,958.0,3942.0,3887.0,4028.0,4086.0,3187.0,3285.0,3381.0,3687.0,41.15,40.2,39.15,43.6375,1233368.0,1223899.0,773941.0,691789.0
2024-06-01,1385,869,3903.0,3408.0,25.75,66.5,68.75,13.8,43.7,1191056,1.2246467991473532e-16,-1.0,0,1371.0,1373.0,1339.0,1305.0,877.0,886.0,889.0,913.0,3809.0,3942.0,3887.0,4080.0,3424.0,3187.0,3285.0,3506.0,41.3125,41.15,40.2,43.65,1175823.0,1233368.0,1223899.0,789269.0
2024-07-01,1384,890,3845.0,3192.0,21.5,64.25,69.25,12.8,41.95,1183145,-0.4999999999999997,-0.8660254037844388,0,1385.0,1371.0,1373.0,1283.0,869.0,877.0,886.0,910.0,3903.0,3809.0,3942.0,4230.0,3408.0,3424.0,3187.0,3655.0,43.7,41.3125,41.15,43.5125,1191056.0,1175823.0,1233368.0,853340.0
2024-08-01,1345,924,3902.0,3172.0,23.25,62.25,63.0,11.9,40.1,1245119,-0.8660254037844385,-0.5000000000000004,0,1384.0,1385.0,1371.0,1320.0,890.0,869.0,877.0,908.0,3845.0,3903.0,3809.0,3978.0,3192.0,3408.0,3424.0,3364.0,41.95,43.7,41.3125,41.225,1183145.0,1191056.0,1175823.0,839458.0
2024-09-01,1327,927,4013.0,3152.0,28.25,60.75,65.0,11.2,41.3,1186832,-1.0,-1.8369701987210297e-16,0,1345.0,1384.0,1385.0,1337.0,924.0,890.0,869.0,902.0,3902.0,3845.0,3903.0,3948.0,3172.0,3192.0,3408.0,3283.0,40.1,41.95,43.7,40.9,1245119.0,1183145.0,1191056.0,901891.0
2024-10-01,1372,904,3691.0,3089.0,28.0,59.0,61.5,11.2,39.925,1363685,-0.8660254037844386,0.5000000000000001,0,1327.0,1345.0,1384.0,1352.0,927.0,924.0,890.0,905.0,4013.0,3902.0,3845.0,3690.0,3152.0,3172.0,3192.0,3234.0,41.3,40.1,41.95,38.3875,1186832.0,1245119.0,1183145.0,1009849.0
2024-11-01,1394,914,3682.0,3130.0,28.25,62.25,61.75,11.3,40.8875,1144106,-0.5000000000000004,0.8660254037844384,0,1372.0,1327.0,1345.0,1300.0,904.0,927.0,924.0,876.0,3691.0,4013.0,3902.0,3769.0,3089.0,3152.0,3172.0,3263.0,39.925,41.3,40.1,38.85,1363685.0,1186832.0,1245119.0,933033.0
2024-12-01,1452,935,3852.0,3003.0,25.5,63.5,60.5,11.6,40.275,1068024,-2.4492935982947064e-16,1.0,0,1394.0,1372.0,1327.0,1297.0,914.0,904.0,927.0,909.0,3682.0,3691.0,4013.0,3896.0,3130.0,3089.0,3152.0,3459.0,40.8875,39.925,41.3,42.2375,1144106.0,1363685.0,1186832.0,865774.0
2025-01-01,1445,928,4048.0,3365.0,26.0,68.0,65.5,11.6,42.775,912811,0.49999999999999994,0.8660254037844387,0,1452.0,1394.0,1372.0,1327.0,935.0,914.0,904.0,904.0,3852.0,3682.0,3691.0,4126.0,3003.0,3130.0,3089.0,3373.0,40.275,40.8875,39.925,40.85,1068024.0,1144106.0,1363685.0,696840.0
2025-02-01,1443,957,3784.0,3049.0,27.5,64.5,62.75,11.7,41.6125,833733,0.8660254037844386,0.5000000000000001,0,1445.0,1452.0,1394.0,1333.0,928.0,935.0,914.0,888.0,4048.0,3852.0,3682.0,4028.0,3365.0,3003.0,3130.0,3381.0,42.775,40.275,40.8875,39.15,912811.0,1068024.0,1144106.0,773941.0
2025-03-01,1462,980,3768.0,3074.0,26.0,64.0,64.25,12.0,41.5625,1327123,1.0,6.123233995736766e-17,0,1443.0,1445.0,1452.0,1339.0,957.0,928.0,935.0,889.0,3784.0,4048.0,3852.0,3887.0,3049.0,3365.0,3003.0,3285.0,41.6125,42.775,40.275,40.2,833733.0,912811.0,1068024.0,1223899.0
2025-04-01,1441,1006,3581.0,3087.0,27.75,65.5,63.25,11.9,42.1,1450274,0.8660254037844387,-0.4999999999999998,0,1462.0,1443.0,1445.0,1373.0,980.0,957.0,928.0,886.0,3768.0,3784.0,4048.0,3942.0,3074.0,3049.0,3365.0,3187.0,41.5625,41.6125,42.775,41.15,1327123.0,833733.0,912811.0,1233368.0
2025-05-01,1388,961,3742.0,3336.0,26.5,69.25,67.0,11.9,43.6625,1353687,0.49999999999999994,-0.8660254037844387,0,1441.0,1462.0,1443.0,1371.0,1006.0,980.0,957.0,877.0,3581.0,3768.0,3784.0,3809.0,3087.0,3074.0,3049.0,3424.0,42.1,41.5625,41.6125,41.3125,1450274.0,1327123.0,833733.0,1175823.0
2025-06-01,1362,942,4162.0,3384.0,30.25,71.5,67.0,20.8,47.3875,1370788,1.2246467991473532e-16,-1.0,0,1388.0,1441.0,1462.0,1385.0,961.0,1006.0,980.0,869.0,3742.0,3581.0,3768.0,3903.0,3336.0,3087.0,3074.0,3408.0,43.6625,42.1,41.5625,43.7,1353687.0,1450274.0,1327123.0,1191056.0
2025-07-01,1379,932,5302.0,3995.0,37.0,86.75,74.5,42.2,60.1125,1484970,-0.4999999999999997,-0.8660254037844388,0,1362.0,1388.0,1441.0,1384.0,942.0,961.0,1006.0,890.0,4162.0,3742.0,3581.0,3845.0,3384.0,3336.0,3087.0,3192.0,47.3875,43.6625,42.1,41.95,1370788.0,1353687.0,1450274.0,1183145.0
2025-08-01,1389,943,7088.0,4002.0,59.5,84.0,87.0,53.3,70.95,1480051,-0.8660254037844385,-0.5000000000000004,0,1379.0,1362.0,1388.0,1345.0,932.0,942.0,961.0,924.0,5302.0,4162.0,3742.0,3902.0,3995.0,3384.0,3336.0,3172.0,60.1125,47.3875,43.6625,40.1,1484970.0,1370788.0,1353687.0,1245119.0
2025-09-01,1397,942,6649.0,3896.0,61.75,82.0,82.75,50.6,69.275,1432891,-1.0,-1.8369701987210297e-16,0,1389.0,1379.0,1362.0,1327.0,943.0,932.0,942.0,927.0,7088.0,5302.0,4162.0,4013.0,4002.0,3995.0,3384.0,3152.0,70.95,60.1125,47.3875,41.3,1480051.0,1484970.0,1370788.0,1186832.0
